id,recipientName,amount,status,lastUpdated
PENSION_1761371921165,Sadia Rahman,24979,Active,2025-09-05T05:58:41.165769Z
PENSION_1761371921166,Sumaiya Haque,10100,Deceased,2025-08-08T05:58:41.165794Z
PENSION_1761371921167,Taslima Begum,15461,Deceased,2024-12-10T05:58:41.165803Z
PENSION_1761371921168,Sadia Rahman,12865,Deceased,2025-07-08T05:58:41.165814Z
PENSION_1761371921169,Rashedul Karim,12365,Active,2025-09-18T05:58:41.165821Z
PENSION_1761371921170,Nasrin Akter,10444,Suspended,2025-07-06T05:58:41.165827Z
PENSION_1761371921171,Imran Kabir,6780,Active,2025-03-07T05:58:41.165833Z
PENSION_1761371921172,Rumana Sultana,2736,Deceased,2025-07-25T05:58:41.165842Z
PENSION_1761371921173,Rashedul Karim,19414,Active,2025-07-18T05:58:41.165849Z
PENSION_1761371921174,Jahidul Islam,21350,Suspended,2025-08-03T05:58:41.165857Z
PENSION_1761371921175,Shahriar Khan,8662,Deceased,2025-08-04T05:58:41.165863Z
PENSION_1761371921176,Jannat Ara,8303,Active,2025-07-03T05:58:41.165868Z
PENSION_1761371921177,Nusrat Jahan,20351,Suspended,2025-01-19T05:58:41.165874Z
PENSION_1761371921178,Tanvir Ahmed,4141,Active,2025-02-04T05:58:41.165879Z
PENSION_1761371921179,Nusrat Jahan,12547,Active,2025-04-01T05:58:41.165885Z
PENSION_1761371921180,Nasrin Akter,22905,Deceased,2025-05-23T05:58:41.165891Z
PENSION_1761371921181,Mehedi Hasan,3014,Active,2025-09-02T05:58:41.165896Z
PENSION_1761371921182,Rumana Sultana,23639,Deceased,2025-10-18T05:58:41.165902Z
PENSION_1761371921183,Mehedi Hasan,9137,Suspended,2025-06-20T05:58:41.165908Z
PENSION_1761371921184,Nasrin Akter,20942,Active,2025-03-10T05:58:41.165914Z
PENSION_1761371921185,Sadia Rahman,21977,Retired,2025-08-29T05:58:41.165919Z
PENSION_1761371921186,Farzana Akter,18227,Retired,2025-03-04T05:58:41.165924Z
PENSION_1761371921187,Tanvir Ahmed,23560,Suspended,2025-09-06T05:58:41.165937Z
PENSION_1761371921188,Farzana Akter,11108,Suspended,2024-10-28T05:58:41.165942Z
PENSION_1761371921189,Rashedul Karim,3893,Suspended,2025-10-12T05:58:41.165948Z
PENSION_1761371921190,Sadia Rahman,18536,Retired,2025-05-26T05:58:41.165953Z
PENSION_1761371921191,Sabbir Hossain,13907,Deceased,2024-11-26T05:58:41.165958Z
PENSION_1761371921192,Nusrat Jahan,22950,Active,2025-06-20T05:58:41.165964Z
PENSION_1761371921193,Farzana Akter,12609,Active,2025-03-14T05:58:41.165969Z
PENSION_1761371921194,Farzana Akter,13639,Active,2025-03-04T05:58:41.165974Z
PENSION_1761371921195,Nasrin Akter,18272,Deceased,2025-10-11T05:58:41.165979Z
PENSION_1761371921196,Shahriar Khan,19107,Deceased,2024-12-26T05:58:41.165984Z
PENSION_1761371921197,Mithila Chowdhury,9321,Suspended,2025-01-16T05:58:41.165990Z
PENSION_1761371921198,Sumaiya Haque,4438,Retired,2025-04-23T05:58:41.165995Z
PENSION_1761371921199,Taslima Begum,10743,Retired,2025-07-28T05:58:41.166001Z
PENSION_1761371921201,Sumaiya Haque,10602,Active,2024-12-31T05:58:41.166006Z
PENSION_1761371921202,Taslima Begum,16762,Suspended,2024-12-20T05:58:41.166012Z
PENSION_1761371921203,Jannat Ara,7915,Active,2024-10-25T05:58:41.166020Z
PENSION_1761371921204,Tanvir Ahmed,14364,Suspended,2025-04-08T05:58:41.166025Z
PENSION_1761371921205,Arif Hasan,8399,Suspended,2025-07-19T05:58:41.166031Z
PENSION_1761371921206,Mehedi Hasan,7701,Suspended,2025-09-11T05:58:41.166036Z
PENSION_1761371921207,Nasrin Akter,24734,Suspended,2024-11-15T05:58:41.166041Z
PENSION_1761371921208,Nasrin Akter,16924,Active,2025-07-30T05:58:41.166047Z
PENSION_1761371921209,Rashedul Karim,3674,Suspended,2025-04-09T05:58:41.166052Z
PENSION_1761371921210,Rashedul Karim,12870,Retired,2025-04-10T05:58:41.166057Z
PENSION_1761371921211,Farzana Akter,7212,Active,2025-03-08T05:58:41.166062Z
PENSION_1761371921212,Mithila Chowdhury,17827,Suspended,2025-09-27T05:58:41.166067Z
PENSION_1761371921213,Sabbir Hossain,19288,Retired,2025-06-19T05:58:41.166072Z
PENSION_1761371921214,Taslima Begum,13776,Retired,2025-01-07T05:58:41.166078Z
PENSION_1761371921215,Mithila Chowdhury,12279,Active,2025-05-20T05:58:41.166083Z
PENSION_1761371921216,Sabbir Hossain,2632,Retired,2025-07-23T05:58:41.166088Z
PENSION_1761371921217,Sadia Rahman,19739,Suspended,2025-06-12T05:58:41.166093Z
PENSION_1761371921218,Rashedul Karim,15086,Retired,2025-04-30T05:58:41.166098Z
PENSION_1761371921219,Sabbir Hossain,12100,Suspended,2025-09-16T05:58:41.166104Z
PENSION_1761371921220,Jahidul Islam,8091,Retired,2025-05-16T05:58:41.166109Z
PENSION_1761371921221,Rashedul Karim,24767,Suspended,2025-08-27T05:58:41.166114Z
PENSION_1761371921222,Rashedul Karim,22711,Retired,2024-12-09T05:58:41.166119Z
PENSION_1761371921223,Farzana Akter,15082,Deceased,2025-09-08T05:58:41.166125Z
PENSION_1761371921224,Nasrin Akter,17044,Retired,2025-08-04T05:58:41.166129Z
PENSION_1761371921225,Rumana Sultana,16927,Retired,2025-05-03T05:58:41.166134Z
PENSION_1761371921226,Rashedul Karim,19259,Deceased,2024-12-04T05:58:41.166140Z
PENSION_1761371921227,Tanvir Ahmed,6705,Active,2025-01-11T05:58:41.166145Z
PENSION_1761371921228,Sumaiya Haque,23255,Deceased,2025-09-23T05:58:41.166150Z
PENSION_1761371921229,Rafiul Islam,10423,Active,2024-11-14T05:58:41.166158Z
PENSION_1761371921230,Abul Kalam,17123,Active,2024-12-11T05:58:41.166163Z
PENSION_1761371921231,Shahriar Khan,10447,Deceased,2025-01-11T05:58:41.166169Z
PENSION_1761371921232,Sabbir Hossain,16590,Suspended,2024-12-29T05:58:41.166175Z
PENSION_1761371921233,Nusrat Jahan,4673,Retired,2025-10-16T05:58:41.166180Z
PENSION_1761371921234,Nusrat Jahan,18255,Suspended,2025-03-30T05:58:41.166185Z
PENSION_1761371921235,Rumana Sultana,24883,Active,2025-05-09T05:58:41.166190Z
PENSION_1761371921236,Tanvir Ahmed,22125,Deceased,2025-01-09T05:58:41.166195Z
PENSION_1761371921237,Nasrin Akter,12145,Suspended,2025-06-19T05:58:41.166200Z
PENSION_1761371921238,Bakhtiar Hasin,23018,Suspended,2025-05-01T05:58:41.166205Z
PENSION_1761371921239,Rafiul Islam,20912,Suspended,2025-10-24T05:58:41.166211Z
PENSION_1761371921240,Nasrin Akter,7989,Suspended,2025-10-11T05:58:41.166216Z
PENSION_1761371921241,Bakhtiar Hasin,5676,Deceased,2025-05-07T05:58:41.166221Z
PENSION_1761371921242,Jannat Ara,8279,Deceased,2025-04-16T05:58:41.166226Z
PENSION_1761371921243,Imran Kabir,12684,Active,2025-05-25T05:58:41.166231Z
PENSION_1761371921244,Rashedul Karim,7622,Deceased,2025-04-10T05:58:41.166236Z
PENSION_1761371921245,Jannat Ara,3623,Deceased,2025-05-08T05:58:41.166241Z
PENSION_1761371921246,Abul Kalam,10651,Active,2025-03-29T05:58:41.166247Z
PENSION_1761371921247,Rafiul Islam,16803,Suspended,2025-04-29T05:58:41.166252Z
PENSION_1761371921248,Mithila Chowdhury,6086,Active,2024-11-20T05:58:41.166256Z
PENSION_1761371921249,Nasrin Akter,3329,Suspended,2025-04-09T05:58:41.166262Z
PENSION_1761371921250,Arif Hasan,24245,Deceased,2025-05-19T05:58:41.166278Z
PENSION_1761371921251,Taslima Begum,5491,Active,2025-03-21T05:58:41.166283Z
PENSION_1761371921252,Shahriar Khan,8313,Suspended,2025-06-20T05:58:41.166288Z
PENSION_1761371921253,Tanvir Ahmed,10001,Active,2025-02-06T05:58:41.166295Z
PENSION_1761371921254,Farzana Akter,15483,Retired,2025-09-22T05:58:41.166300Z
PENSION_1761371921255,Rashedul Karim,7414,Retired,2025-04-03T05:58:41.166305Z
PENSION_1761371921256,Farzana Akter,23991,Retired,2025-07-15T05:58:41.166310Z
PENSION_1761371921257,Rashedul Karim,20968,Active,2024-12-20T05:58:41.166316Z
PENSION_1761371921258,Jannat Ara,19451,Active,2024-11-02T05:58:41.166321Z
PENSION_1761371921259,Rumana Sultana,20546,Suspended,2025-02-05T05:58:41.166326Z
PENSION_1761371921260,Taslima Begum,4667,Retired,2025-04-16T05:58:41.166331Z
PENSION_1761371921261,Arif Hasan,22273,Deceased,2025-10-12T05:58:41.166336Z
PENSION_1761371921262,Imran Kabir,20478,Active,2024-12-30T05:58:41.166343Z
PENSION_1761371921263,Imran Kabir,11407,Suspended,2025-05-27T05:58:41.166349Z
PENSION_1761371921264,Abul Kalam,17452,Deceased,2024-11-28T05:58:41.166354Z
PENSION_1761371921265,Farzana Akter,9388,Suspended,2025-09-01T05:58:41.166360Z
